"Fahrenheit","Celsius","Kelvin"
212,100,373.15
30.3,-0.944444444444444,272.205555555556
78,25.5555555555556,298.705555555556
32,0,273.15
